quality,Unnamed: 0,fixed.acidity,volatile.acidity,citric.acid,residual.sugar,chlorides,free.sulfur.dioxide,total.sulfur.dioxide,density,pH,sulphates,alcohol,frequency
3,1100.0,7.5,0.845,0.035,2.1,0.0905,6.0,15.0,0.997565,3.3899999999999997,0.545,9.925,10
4,831.0,7.5,0.67,0.09,2.1,0.08,11.0,26.0,0.9965,3.37,0.56,10.0,53
5,713.0,7.8,0.58,0.23,2.2,0.081,15.0,47.0,0.997,3.3,0.58,9.7,681
6,882.5,7.9,0.49,0.26,2.2,0.078,14.0,35.0,0.99656,3.32,0.64,10.5,638
7,941.0,8.8,0.37,0.4,2.3,0.073,11.0,27.0,0.99577,3.28,0.74,11.5,199
8,709.0,8.25,0.37,0.42000000000000004,2.1,0.07050000000000001,7.5,21.5,0.99494,3.23,0.74,12.15,18
